document,key,context
main,dennis1966,"Capabilities provide explicit authority and attenuation~\cite{dennis1966,lampson1974}; least privilege limits the authority that should be delegated~\cite{saltzer1975}. Neither principle by itself defines the temporal meaning of a completed revocation. Authentication and access-control logics make delegation relationships explicit~\cite{authentication1992,calculus1993}, while offline delegation predates intermittently connected edge systems~\cite{offlinedelegation}. The unresolved engineering question studied here is not whether delegation can be offline, but what evidence permits a collector to make a recovery-stable statement about future authorization."
main,lampson1974,"Capabilities provide explicit authority and attenuation~\cite{dennis1966,lampson1974}; least privilege limits the authority that should be delegated~\cite{saltzer1975}. Neither principle by itself defines the temporal meaning of a completed revocation. Authentication and access-control logics make delegation relationships explicit~\cite{authentication1992,calculus1993}, while offline delegation predates intermittently connected edge systems~\cite{offlinedelegation}. The unresolved engineering question studied here is not whether delegation can be offline, but what evidence permits a collector to make a recovery-stable statement about future authorization."
main,saltzer1975,"Capabilities provide explicit authority and attenuation~\cite{dennis1966,lampson1974}; least privilege limits the authority that should be delegated~\cite{saltzer1975}. Neither principle by itself defines the temporal meaning of a completed revocation. Authentication and access-control logics make delegation relationships explicit~\cite{authentication1992,calculus1993}, while offline delegation predates intermittently connected edge systems~\cite{offlinedelegation}. The unresolved engineering question studied here is not whether delegation can be offline, but what evidence permits a collector to make a recovery-stable statement about future authorization."
main,authentication1992,"Capabilities provide explicit authority and attenuation~\cite{dennis1966,lampson1974}; least privilege limits the authority that should be delegated~\cite{saltzer1975}. Neither principle by itself defines the temporal meaning of a completed revocation. Authentication and access-control logics make delegation relationships explicit~\cite{authentication1992,calculus1993}, while offline delegation predates intermittently connected edge systems~\cite{offlinedelegation}. The unresolved engineering question studied here is not whether delegation can be offline, but what evidence permits a collector to make a recovery-stable statement about future authorization."
main,calculus1993,"Capabilities provide explicit authority and attenuation~\cite{dennis1966,lampson1974}; least privilege limits the authority that should be delegated~\cite{saltzer1975}. Neither principle by itself defines the temporal meaning of a completed revocation. Authentication and access-control logics make delegation relationships explicit~\cite{authentication1992,calculus1993}, while offline delegation predates intermittently connected edge systems~\cite{offlinedelegation}. The unresolved engineering question studied here is not whether delegation can be offline, but what evidence permits a collector to make a recovery-stable statement about future authorization."
main,offlinedelegation,"Capabilities provide explicit authority and attenuation~\cite{dennis1966,lampson1974}; least privilege limits the authority that should be delegated~\cite{saltzer1975}. Neither principle by itself defines the temporal meaning of a completed revocation. Authentication and access-control logics make delegation relationships explicit~\cite{authentication1992,calculus1993}, while offline delegation predates intermittently connected edge systems~\cite{offlinedelegation}. The unresolved engineering question studied here is not whether delegation can be offline, but what evidence permits a collector to make a recovery-stable statement about future authorization."
main,leases,The starting mechanism combines familiar ingredients. Children inherit no-later per-gateway deadlines. A receipt follows a durable transaction that excludes the exact revoked lineage. A gateway is covered by a receipt or by sound expiry evidence. Leases established time-bounded authority~\cite{leases}; Chubby combines invalidation acknowledgements and lease expiration~\cite{chubby}; Maat uses short capability lifetimes for revocation~\cite{maat}. We do not claim any of these ingredients as new.
main,chubby,The starting mechanism combines familiar ingredients. Children inherit no-later per-gateway deadlines. A receipt follows a durable transaction that excludes the exact revoked lineage. A gateway is covered by a receipt or by sound expiry evidence. Leases established time-bounded authority~\cite{leases}; Chubby combines invalidation acknowledgements and lease expiration~\cite{chubby}; Maat uses short capability lifetimes for revocation~\cite{maat}. We do not claim any of these ingredients as new.
main,maat,The starting mechanism combines familiar ingredients. Children inherit no-later per-gateway deadlines. A receipt follows a durable transaction that excludes the exact revoked lineage. A gateway is covered by a receipt or by sound expiry evidence. Leases established time-bounded authority~\cite{leases}; Chubby combines invalidation acknowledgements and lease expiration~\cite{chubby}; Maat uses short capability lifetimes for revocation~\cite{maat}. We do not claim any of these ingredients as new.
main,eros,"This model uses explicit authority without importing the confinement guarantees of EROS~\cite{eros}, Capsicum~\cite{capsicum}, Joe-E~\cite{joee}, or seL4~\cite{sel4}. It also separates subject binding from the confused-deputy problem~\cite{hardy1988}. A use request names a leaf, actor, service, and nonempty requested rights. Authorization requires the actor to equal the leaf subject and the requested rights to be a subset of the leaf's rights. A delegation request must name the parent subject as its acting principal."
main,capsicum,"This model uses explicit authority without importing the confinement guarantees of EROS~\cite{eros}, Capsicum~\cite{capsicum}, Joe-E~\cite{joee}, or seL4~\cite{sel4}. It also separates subject binding from the confused-deputy problem~\cite{hardy1988}. A use request names a leaf, actor, service, and nonempty requested rights. Authorization requires the actor to equal the leaf subject and the requested rights to be a subset of the leaf's rights. A delegation request must name the parent subject as its acting principal."
main,joee,"This model uses explicit authority without importing the confinement guarantees of EROS~\cite{eros}, Capsicum~\cite{capsicum}, Joe-E~\cite{joee}, or seL4~\cite{sel4}. It also separates subject binding from the confused-deputy problem~\cite{hardy1988}. A use request names a leaf, actor, service, and nonempty requested rights. Authorization requires the actor to equal the leaf subject and the requested rights to be a subset of the leaf's rights. A delegation request must name the parent subject as its acting principal."
main,sel4,"This model uses explicit authority without importing the confinement guarantees of EROS~\cite{eros}, Capsicum~\cite{capsicum}, Joe-E~\cite{joee}, or seL4~\cite{sel4}. It also separates subject binding from the confused-deputy problem~\cite{hardy1988}. A use request names a leaf, actor, service, and nonempty requested rights. Authorization requires the actor to equal the leaf subject and the requested rights to be a subset of the leaf's rights. A delegation request must name the parent subject as its acting principal."
main,hardy1988,"This model uses explicit authority without importing the confinement guarantees of EROS~\cite{eros}, Capsicum~\cite{capsicum}, Joe-E~\cite{joee}, or seL4~\cite{sel4}. It also separates subject binding from the confused-deputy problem~\cite{hardy1988}. A use request names a leaf, actor, service, and nonempty requested rights. Authorization requires the actor to equal the leaf subject and the requested rights to be a subset of the leaf's rights. A delegation request must name the parent subject as its acting principal."
main,spanner,"\subsection{Time and persistent lower bounds}
Actual time $t\ge0$ is nondecreasing. Each active gateway and the collector has a nonnegative clock satisfying
\begin{equation}
 |C_i(t)-t|\le\epsilon,\qquad C_i(t)\ge0.
 \label{eq:clock}
\end{equation}
The fixed error bound remains valid after recovery. The argument concerns integer logical times; it does not supply a clock synchronization service. As in systems that expose bounded physical-time uncertainty~\cite{spanner}, the guarantee depends on the bound being sound. A recovering machine whose time bound is unavailable must stop authorizing; durable storage alone does not restore time soundness."
main,crdt,"Immutable union resembles the convergence discipline of state-based replicated data~\cite{crdt}, but a security argument additionally needs revocation dominance and valid ancestry. At different floors, replicas may retain different expired records while rejecting the same revoked lineage. Equality of retained sets is claimed only after normalization to a common floor and delivery of all still-relevant admitted events. Weakly connected propagation in Bayou~\cite{bayoupropagation} and epidemic exchange~\cite{epidemic} motivate delivery assumptions, not an authorization theorem."
main,bayoupropagation,"Immutable union resembles the convergence discipline of state-based replicated data~\cite{crdt}, but a security argument additionally needs revocation dominance and valid ancestry. At different floors, replicas may retain different expired records while rejecting the same revoked lineage. Equality of retained sets is claimed only after normalization to a common floor and delivery of all still-relevant admitted events. Weakly connected propagation in Bayou~\cite{bayoupropagation} and epidemic exchange~\cite{epidemic} motivate delivery assumptions, not an authorization theorem."
main,epidemic,"Immutable union resembles the convergence discipline of state-based replicated data~\cite{crdt}, but a security argument additionally needs revocation dominance and valid ancestry. At different floors, replicas may retain different expired records while rejecting the same revoked lineage. Equality of retained sets is claimed only after normalization to a common floor and delivery of all still-relevant admitted events. Weakly connected propagation in Bayou~\cite{bayoupropagation} and epidemic exchange~\cite{epidemic} motivate delivery assumptions, not an authorization theorem."
main,offlinedelegation,"\section{Relationship to Prior Work}
\label{sec:related}
\subsection{The closest revocation and delegation mechanisms}
Offline Delegation addresses transfer of authority without available authorization infrastructure~\cite{offlinedelegation}. Maat combines extended capabilities, secure delegation, and short-lived automatic revocation for parallel file systems~\cite{maat}. The Transform architecture supports distributed capability revocation~\cite{transformcap}. These precedents rule out presenting offline delegation, attenuation, or capability expiry as the contribution here."
main,maat,"\section{Relationship to Prior Work}
\label{sec:related}
\subsection{The closest revocation and delegation mechanisms}
Offline Delegation addresses transfer of authority without available authorization infrastructure~\cite{offlinedelegation}. Maat combines extended capabilities, secure delegation, and short-lived automatic revocation for parallel file systems~\cite{maat}. The Transform architecture supports distributed capability revocation~\cite{transformcap}. These precedents rule out presenting offline delegation, attenuation, or capability expiry as the contribution here."
main,transformcap,"\section{Relationship to Prior Work}
\label{sec:related}
\subsection{The closest revocation and delegation mechanisms}
Offline Delegation addresses transfer of authority without available authorization infrastructure~\cite{offlinedelegation}. Maat combines extended capabilities, secure delegation, and short-lived automatic revocation for parallel file systems~\cite{maat}. The Transform architecture supports distributed capability revocation~\cite{transformcap}. These precedents rule out presenting offline delegation, attenuation, or capability expiry as the contribution here."
main,chubby,"Chubby provides the closest acknowledgement-or-expiry precedent~\cite{chubby}. Our comparison axis is a collector-visible statement over a delegated lineage, including unknown descendants and reconstruction of monotone completion evidence after recovery. WAVE provides decentralized transitive delegation and revocation~\cite{wave}; we do not reproduce its cryptographic construction or deployment. Macaroons provide attenuable caveats for decentralized authorization~\cite{macaroons}, rather than the specific durable completion observation formalized here."
main,wave,"Chubby provides the closest acknowledgement-or-expiry precedent~\cite{chubby}. Our comparison axis is a collector-visible statement over a delegated lineage, including unknown descendants and reconstruction of monotone completion evidence after recovery. WAVE provides decentralized transitive delegation and revocation~\cite{wave}; we do not reproduce its cryptographic construction or deployment. Macaroons provide attenuable caveats for decentralized authorization~\cite{macaroons}, rather than the specific durable completion observation formalized here."
main,macaroons,"Chubby provides the closest acknowledgement-or-expiry precedent~\cite{chubby}. Our comparison axis is a collector-visible statement over a delegated lineage, including unknown descendants and reconstruction of monotone completion evidence after recovery. WAVE provides decentralized transitive delegation and revocation~\cite{wave}; we do not reproduce its cryptographic construction or deployment. Macaroons provide attenuable caveats for decentralized authorization~\cite{macaroons}, rather than the specific durable completion observation formalized here."
main,evoke,"EVOKE targets verifiable-credential revocation under IoT resource and connectivity constraints, including mass and offline updates~\cite{evoke}. Pasture provides verifiable offline revocation using commodity trusted hardware under a different adversarial trust boundary~\cite{pasture}. Vouchsafe describes offline capability-graph evaluation and trust~\cite{vouchsafe}; it is cited as a preprint, not as established peer-reviewed deployment evidence. Our fixed honest-gateway, single-parent model is deliberately narrower. The journal contract concerns exactly which stored observations suffice to infer future denial, not a universal replacement for these mechanisms."
main,pasture,"EVOKE targets verifiable-credential revocation under IoT resource and connectivity constraints, including mass and offline updates~\cite{evoke}. Pasture provides verifiable offline revocation using commodity trusted hardware under a different adversarial trust boundary~\cite{pasture}. Vouchsafe describes offline capability-graph evaluation and trust~\cite{vouchsafe}; it is cited as a preprint, not as established peer-reviewed deployment evidence. Our fixed honest-gateway, single-parent model is deliberately narrower. The journal contract concerns exactly which stored observations suffice to infer future denial, not a universal replacement for these mechanisms."
main,vouchsafe,"EVOKE targets verifiable-credential revocation under IoT resource and connectivity constraints, including mass and offline updates~\cite{evoke}. Pasture provides verifiable offline revocation using commodity trusted hardware under a different adversarial trust boundary~\cite{pasture}. Vouchsafe describes offline capability-graph evaluation and trust~\cite{vouchsafe}; it is cited as a preprint, not as established peer-reviewed deployment evidence. Our fixed honest-gateway, single-parent model is deliberately narrower. The journal contract concerns exactly which stored observations suffice to infer future denial, not a universal replacement for these mechanisms."
main,blaze1996,"\subsection{Authorization languages and protected data}
Trust-management systems such as PolicyMaker~\cite{blaze1996}, SD3~\cite{sd3}, Binder~\cite{binder2002}, and SecPAL~\cite{secpal} make decentralized policy evaluation explicit. Role-based trust management~\cite{rt2002} and delegation logic~\cite{delegationlogic} address richer policy relations than our single-parent algebra. SPKI formalizes certificate delegation~\cite{spki}. Relationship-based models~\cite{fongrebac,brunsrebac}, Zanzibar's consistent authorization service~\cite{zanzibar}, and Cedar's policy language~\cite{cedar} further separate expressiveness and consistency concerns from revocation completion. We do not compare policy-language coverage or decision speed across these different semantics."
main,sd3,"\subsection{Authorization languages and protected data}
Trust-management systems such as PolicyMaker~\cite{blaze1996}, SD3~\cite{sd3}, Binder~\cite{binder2002}, and SecPAL~\cite{secpal} make decentralized policy evaluation explicit. Role-based trust management~\cite{rt2002} and delegation logic~\cite{delegationlogic} address richer policy relations than our single-parent algebra. SPKI formalizes certificate delegation~\cite{spki}. Relationship-based models~\cite{fongrebac,brunsrebac}, Zanzibar's consistent authorization service~\cite{zanzibar}, and Cedar's policy language~\cite{cedar} further separate expressiveness and consistency concerns from revocation completion. We do not compare policy-language coverage or decision speed across these different semantics."
main,binder2002,"\subsection{Authorization languages and protected data}
Trust-management systems such as PolicyMaker~\cite{blaze1996}, SD3~\cite{sd3}, Binder~\cite{binder2002}, and SecPAL~\cite{secpal} make decentralized policy evaluation explicit. Role-based trust management~\cite{rt2002} and delegation logic~\cite{delegationlogic} address richer policy relations than our single-parent algebra. SPKI formalizes certificate delegation~\cite{spki}. Relationship-based models~\cite{fongrebac,brunsrebac}, Zanzibar's consistent authorization service~\cite{zanzibar}, and Cedar's policy language~\cite{cedar} further separate expressiveness and consistency concerns from revocation completion. We do not compare policy-language coverage or decision speed across these different semantics."
main,secpal,"\subsection{Authorization languages and protected data}
Trust-management systems such as PolicyMaker~\cite{blaze1996}, SD3~\cite{sd3}, Binder~\cite{binder2002}, and SecPAL~\cite{secpal} make decentralized policy evaluation explicit. Role-based trust management~\cite{rt2002} and delegation logic~\cite{delegationlogic} address richer policy relations than our single-parent algebra. SPKI formalizes certificate delegation~\cite{spki}. Relationship-based models~\cite{fongrebac,brunsrebac}, Zanzibar's consistent authorization service~\cite{zanzibar}, and Cedar's policy language~\cite{cedar} further separate expressiveness and consistency concerns from revocation completion. We do not compare policy-language coverage or decision speed across these different semantics."
main,rt2002,"\subsection{Authorization languages and protected data}
Trust-management systems such as PolicyMaker~\cite{blaze1996}, SD3~\cite{sd3}, Binder~\cite{binder2002}, and SecPAL~\cite{secpal} make decentralized policy evaluation explicit. Role-based trust management~\cite{rt2002} and delegation logic~\cite{delegationlogic} address richer policy relations than our single-parent algebra. SPKI formalizes certificate delegation~\cite{spki}. Relationship-based models~\cite{fongrebac,brunsrebac}, Zanzibar's consistent authorization service~\cite{zanzibar}, and Cedar's policy language~\cite{cedar} further separate expressiveness and consistency concerns from revocation completion. We do not compare policy-language coverage or decision speed across these different semantics."
main,delegationlogic,"\subsection{Authorization languages and protected data}
Trust-management systems such as PolicyMaker~\cite{blaze1996}, SD3~\cite{sd3}, Binder~\cite{binder2002}, and SecPAL~\cite{secpal} make decentralized policy evaluation explicit. Role-based trust management~\cite{rt2002} and delegation logic~\cite{delegationlogic} address richer policy relations than our single-parent algebra. SPKI formalizes certificate delegation~\cite{spki}. Relationship-based models~\cite{fongrebac,brunsrebac}, Zanzibar's consistent authorization service~\cite{zanzibar}, and Cedar's policy language~\cite{cedar} further separate expressiveness and consistency concerns from revocation completion. We do not compare policy-language coverage or decision speed across these different semantics."
main,spki,"\subsection{Authorization languages and protected data}
Trust-management systems such as PolicyMaker~\cite{blaze1996}, SD3~\cite{sd3}, Binder~\cite{binder2002}, and SecPAL~\cite{secpal} make decentralized policy evaluation explicit. Role-based trust management~\cite{rt2002} and delegation logic~\cite{delegationlogic} address richer policy relations than our single-parent algebra. SPKI formalizes certificate delegation~\cite{spki}. Relationship-based models~\cite{fongrebac,brunsrebac}, Zanzibar's consistent authorization service~\cite{zanzibar}, and Cedar's policy language~\cite{cedar} further separate expressiveness and consistency concerns from revocation completion. We do not compare policy-language coverage or decision speed across these different semantics."
main,fongrebac,"\subsection{Authorization languages and protected data}
Trust-management systems such as PolicyMaker~\cite{blaze1996}, SD3~\cite{sd3}, Binder~\cite{binder2002}, and SecPAL~\cite{secpal} make decentralized policy evaluation explicit. Role-based trust management~\cite{rt2002} and delegation logic~\cite{delegationlogic} address richer policy relations than our single-parent algebra. SPKI formalizes certificate delegation~\cite{spki}. Relationship-based models~\cite{fongrebac,brunsrebac}, Zanzibar's consistent authorization service~\cite{zanzibar}, and Cedar's policy language~\cite{cedar} further separate expressiveness and consistency concerns from revocation completion. We do not compare policy-language coverage or decision speed across these different semantics."
main,brunsrebac,"\subsection{Authorization languages and protected data}
Trust-management systems such as PolicyMaker~\cite{blaze1996}, SD3~\cite{sd3}, Binder~\cite{binder2002}, and SecPAL~\cite{secpal} make decentralized policy evaluation explicit. Role-based trust management~\cite{rt2002} and delegation logic~\cite{delegationlogic} address richer policy relations than our single-parent algebra. SPKI formalizes certificate delegation~\cite{spki}. Relationship-based models~\cite{fongrebac,brunsrebac}, Zanzibar's consistent authorization service~\cite{zanzibar}, and Cedar's policy language~\cite{cedar} further separate expressiveness and consistency concerns from revocation completion. We do not compare policy-language coverage or decision speed across these different semantics."
main,zanzibar,"\subsection{Authorization languages and protected data}
Trust-management systems such as PolicyMaker~\cite{blaze1996}, SD3~\cite{sd3}, Binder~\cite{binder2002}, and SecPAL~\cite{secpal} make decentralized policy evaluation explicit. Role-based trust management~\cite{rt2002} and delegation logic~\cite{delegationlogic} address richer policy relations than our single-parent algebra. SPKI formalizes certificate delegation~\cite{spki}. Relationship-based models~\cite{fongrebac,brunsrebac}, Zanzibar's consistent authorization service~\cite{zanzibar}, and Cedar's policy language~\cite{cedar} further separate expressiveness and consistency concerns from revocation completion. We do not compare policy-language coverage or decision speed across these different semantics."
main,cedar,"\subsection{Authorization languages and protected data}
Trust-management systems such as PolicyMaker~\cite{blaze1996}, SD3~\cite{sd3}, Binder~\cite{binder2002}, and SecPAL~\cite{secpal} make decentralized policy evaluation explicit. Role-based trust management~\cite{rt2002} and delegation logic~\cite{delegationlogic} address richer policy relations than our single-parent algebra. SPKI formalizes certificate delegation~\cite{spki}. Relationship-based models~\cite{fongrebac,brunsrebac}, Zanzibar's consistent authorization service~\cite{zanzibar}, and Cedar's policy language~\cite{cedar} further separate expressiveness and consistency concerns from revocation completion. We do not compare policy-language coverage or decision speed across these different semantics."
main,gusmeroli2013,"Constrained-device authorization appears in capability-based IoT designs~\cite{gusmeroli2013,dcapbac} and Ladon~\cite{ladon}. Static permission-gap analysis reduces unnecessary local authority~\cite{bartel}, but does not determine when remote delegated authority is durably excluded. Certificate-validation schemes~\cite{kocher1998,novomodo}, dynamic accumulators~\cite{accumulators}, and receiver or identity-based revocation~\cite{stateless,revocableibe} solve different credential-distribution problems. Revoking future authorization also differs from retracting already disclosed data: Plutus~\cite{plutus}, SiRiUS~\cite{sirius}, key regression~\cite{keyregression}, Cryptree~\cite{cryptree}, and Droplet~\cite{droplet} explore cryptographic data-access boundaries not supplied by this prototype."
main,dcapbac,"Constrained-device authorization appears in capability-based IoT designs~\cite{gusmeroli2013,dcapbac} and Ladon~\cite{ladon}. Static permission-gap analysis reduces unnecessary local authority~\cite{bartel}, but does not determine when remote delegated authority is durably excluded. Certificate-validation schemes~\cite{kocher1998,novomodo}, dynamic accumulators~\cite{accumulators}, and receiver or identity-based revocation~\cite{stateless,revocableibe} solve different credential-distribution problems. Revoking future authorization also differs from retracting already disclosed data: Plutus~\cite{plutus}, SiRiUS~\cite{sirius}, key regression~\cite{keyregression}, Cryptree~\cite{cryptree}, and Droplet~\cite{droplet} explore cryptographic data-access boundaries not supplied by this prototype."
main,ladon,"Constrained-device authorization appears in capability-based IoT designs~\cite{gusmeroli2013,dcapbac} and Ladon~\cite{ladon}. Static permission-gap analysis reduces unnecessary local authority~\cite{bartel}, but does not determine when remote delegated authority is durably excluded. Certificate-validation schemes~\cite{kocher1998,novomodo}, dynamic accumulators~\cite{accumulators}, and receiver or identity-based revocation~\cite{stateless,revocableibe} solve different credential-distribution problems. Revoking future authorization also differs from retracting already disclosed data: Plutus~\cite{plutus}, SiRiUS~\cite{sirius}, key regression~\cite{keyregression}, Cryptree~\cite{cryptree}, and Droplet~\cite{droplet} explore cryptographic data-access boundaries not supplied by this prototype."
main,bartel,"Constrained-device authorization appears in capability-based IoT designs~\cite{gusmeroli2013,dcapbac} and Ladon~\cite{ladon}. Static permission-gap analysis reduces unnecessary local authority~\cite{bartel}, but does not determine when remote delegated authority is durably excluded. Certificate-validation schemes~\cite{kocher1998,novomodo}, dynamic accumulators~\cite{accumulators}, and receiver or identity-based revocation~\cite{stateless,revocableibe} solve different credential-distribution problems. Revoking future authorization also differs from retracting already disclosed data: Plutus~\cite{plutus}, SiRiUS~\cite{sirius}, key regression~\cite{keyregression}, Cryptree~\cite{cryptree}, and Droplet~\cite{droplet} explore cryptographic data-access boundaries not supplied by this prototype."
main,kocher1998,"Constrained-device authorization appears in capability-based IoT designs~\cite{gusmeroli2013,dcapbac} and Ladon~\cite{ladon}. Static permission-gap analysis reduces unnecessary local authority~\cite{bartel}, but does not determine when remote delegated authority is durably excluded. Certificate-validation schemes~\cite{kocher1998,novomodo}, dynamic accumulators~\cite{accumulators}, and receiver or identity-based revocation~\cite{stateless,revocableibe} solve different credential-distribution problems. Revoking future authorization also differs from retracting already disclosed data: Plutus~\cite{plutus}, SiRiUS~\cite{sirius}, key regression~\cite{keyregression}, Cryptree~\cite{cryptree}, and Droplet~\cite{droplet} explore cryptographic data-access boundaries not supplied by this prototype."
main,novomodo,"Constrained-device authorization appears in capability-based IoT designs~\cite{gusmeroli2013,dcapbac} and Ladon~\cite{ladon}. Static permission-gap analysis reduces unnecessary local authority~\cite{bartel}, but does not determine when remote delegated authority is durably excluded. Certificate-validation schemes~\cite{kocher1998,novomodo}, dynamic accumulators~\cite{accumulators}, and receiver or identity-based revocation~\cite{stateless,revocableibe} solve different credential-distribution problems. Revoking future authorization also differs from retracting already disclosed data: Plutus~\cite{plutus}, SiRiUS~\cite{sirius}, key regression~\cite{keyregression}, Cryptree~\cite{cryptree}, and Droplet~\cite{droplet} explore cryptographic data-access boundaries not supplied by this prototype."
main,accumulators,"Constrained-device authorization appears in capability-based IoT designs~\cite{gusmeroli2013,dcapbac} and Ladon~\cite{ladon}. Static permission-gap analysis reduces unnecessary local authority~\cite{bartel}, but does not determine when remote delegated authority is durably excluded. Certificate-validation schemes~\cite{kocher1998,novomodo}, dynamic accumulators~\cite{accumulators}, and receiver or identity-based revocation~\cite{stateless,revocableibe} solve different credential-distribution problems. Revoking future authorization also differs from retracting already disclosed data: Plutus~\cite{plutus}, SiRiUS~\cite{sirius}, key regression~\cite{keyregression}, Cryptree~\cite{cryptree}, and Droplet~\cite{droplet} explore cryptographic data-access boundaries not supplied by this prototype."
main,stateless,"Constrained-device authorization appears in capability-based IoT designs~\cite{gusmeroli2013,dcapbac} and Ladon~\cite{ladon}. Static permission-gap analysis reduces unnecessary local authority~\cite{bartel}, but does not determine when remote delegated authority is durably excluded. Certificate-validation schemes~\cite{kocher1998,novomodo}, dynamic accumulators~\cite{accumulators}, and receiver or identity-based revocation~\cite{stateless,revocableibe} solve different credential-distribution problems. Revoking future authorization also differs from retracting already disclosed data: Plutus~\cite{plutus}, SiRiUS~\cite{sirius}, key regression~\cite{keyregression}, Cryptree~\cite{cryptree}, and Droplet~\cite{droplet} explore cryptographic data-access boundaries not supplied by this prototype."
main,revocableibe,"Constrained-device authorization appears in capability-based IoT designs~\cite{gusmeroli2013,dcapbac} and Ladon~\cite{ladon}. Static permission-gap analysis reduces unnecessary local authority~\cite{bartel}, but does not determine when remote delegated authority is durably excluded. Certificate-validation schemes~\cite{kocher1998,novomodo}, dynamic accumulators~\cite{accumulators}, and receiver or identity-based revocation~\cite{stateless,revocableibe} solve different credential-distribution problems. Revoking future authorization also differs from retracting already disclosed data: Plutus~\cite{plutus}, SiRiUS~\cite{sirius}, key regression~\cite{keyregression}, Cryptree~\cite{cryptree}, and Droplet~\cite{droplet} explore cryptographic data-access boundaries not supplied by this prototype."
main,plutus,"Constrained-device authorization appears in capability-based IoT designs~\cite{gusmeroli2013,dcapbac} and Ladon~\cite{ladon}. Static permission-gap analysis reduces unnecessary local authority~\cite{bartel}, but does not determine when remote delegated authority is durably excluded. Certificate-validation schemes~\cite{kocher1998,novomodo}, dynamic accumulators~\cite{accumulators}, and receiver or identity-based revocation~\cite{stateless,revocableibe} solve different credential-distribution problems. Revoking future authorization also differs from retracting already disclosed data: Plutus~\cite{plutus}, SiRiUS~\cite{sirius}, key regression~\cite{keyregression}, Cryptree~\cite{cryptree}, and Droplet~\cite{droplet} explore cryptographic data-access boundaries not supplied by this prototype."
main,sirius,"Constrained-device authorization appears in capability-based IoT designs~\cite{gusmeroli2013,dcapbac} and Ladon~\cite{ladon}. Static permission-gap analysis reduces unnecessary local authority~\cite{bartel}, but does not determine when remote delegated authority is durably excluded. Certificate-validation schemes~\cite{kocher1998,novomodo}, dynamic accumulators~\cite{accumulators}, and receiver or identity-based revocation~\cite{stateless,revocableibe} solve different credential-distribution problems. Revoking future authorization also differs from retracting already disclosed data: Plutus~\cite{plutus}, SiRiUS~\cite{sirius}, key regression~\cite{keyregression}, Cryptree~\cite{cryptree}, and Droplet~\cite{droplet} explore cryptographic data-access boundaries not supplied by this prototype."
main,keyregression,"Constrained-device authorization appears in capability-based IoT designs~\cite{gusmeroli2013,dcapbac} and Ladon~\cite{ladon}. Static permission-gap analysis reduces unnecessary local authority~\cite{bartel}, but does not determine when remote delegated authority is durably excluded. Certificate-validation schemes~\cite{kocher1998,novomodo}, dynamic accumulators~\cite{accumulators}, and receiver or identity-based revocation~\cite{stateless,revocableibe} solve different credential-distribution problems. Revoking future authorization also differs from retracting already disclosed data: Plutus~\cite{plutus}, SiRiUS~\cite{sirius}, key regression~\cite{keyregression}, Cryptree~\cite{cryptree}, and Droplet~\cite{droplet} explore cryptographic data-access boundaries not supplied by this prototype."
main,cryptree,"Constrained-device authorization appears in capability-based IoT designs~\cite{gusmeroli2013,dcapbac} and Ladon~\cite{ladon}. Static permission-gap analysis reduces unnecessary local authority~\cite{bartel}, but does not determine when remote delegated authority is durably excluded. Certificate-validation schemes~\cite{kocher1998,novomodo}, dynamic accumulators~\cite{accumulators}, and receiver or identity-based revocation~\cite{stateless,revocableibe} solve different credential-distribution problems. Revoking future authorization also differs from retracting already disclosed data: Plutus~\cite{plutus}, SiRiUS~\cite{sirius}, key regression~\cite{keyregression}, Cryptree~\cite{cryptree}, and Droplet~\cite{droplet} explore cryptographic data-access boundaries not supplied by this prototype."
main,droplet,"Constrained-device authorization appears in capability-based IoT designs~\cite{gusmeroli2013,dcapbac} and Ladon~\cite{ladon}. Static permission-gap analysis reduces unnecessary local authority~\cite{bartel}, but does not determine when remote delegated authority is durably excluded. Certificate-validation schemes~\cite{kocher1998,novomodo}, dynamic accumulators~\cite{accumulators}, and receiver or identity-based revocation~\cite{stateless,revocableibe} solve different credential-distribution problems. Revoking future authorization also differs from retracting already disclosed data: Plutus~\cite{plutus}, SiRiUS~\cite{sirius}, key regression~\cite{keyregression}, Cryptree~\cite{cryptree}, and Droplet~\cite{droplet} explore cryptographic data-access boundaries not supplied by this prototype."
main,coda,"\subsection{Consistency, time, and recovery}
Disconnected operation in Coda~\cite{coda}, conflict management in Bayou~\cite{bayouconflicts}, and highly available storage in Dynamo~\cite{dynamo} explain why delayed information must be an explicit assumption. COPS~\cite{cops} and Eiger~\cite{eiger} address causal semantics; hybrid clocks~\cite{hlc} and GentleRain~\cite{gentlerain} expose different uses of physical time. Their consistency guarantees do not automatically imply exclusion of a revoked ancestor. Coordination avoidance~\cite{coordavoid}, Indigo~\cite{indigo}, and Quelea~\cite{quelea} connect invariants to coordination requirements, whereas our invariant is tied to a particular authorization algebra and observation boundary."
main,bayouconflicts,"\subsection{Consistency, time, and recovery}
Disconnected operation in Coda~\cite{coda}, conflict management in Bayou~\cite{bayouconflicts}, and highly available storage in Dynamo~\cite{dynamo} explain why delayed information must be an explicit assumption. COPS~\cite{cops} and Eiger~\cite{eiger} address causal semantics; hybrid clocks~\cite{hlc} and GentleRain~\cite{gentlerain} expose different uses of physical time. Their consistency guarantees do not automatically imply exclusion of a revoked ancestor. Coordination avoidance~\cite{coordavoid}, Indigo~\cite{indigo}, and Quelea~\cite{quelea} connect invariants to coordination requirements, whereas our invariant is tied to a particular authorization algebra and observation boundary."
main,dynamo,"\subsection{Consistency, time, and recovery}
Disconnected operation in Coda~\cite{coda}, conflict management in Bayou~\cite{bayouconflicts}, and highly available storage in Dynamo~\cite{dynamo} explain why delayed information must be an explicit assumption. COPS~\cite{cops} and Eiger~\cite{eiger} address causal semantics; hybrid clocks~\cite{hlc} and GentleRain~\cite{gentlerain} expose different uses of physical time. Their consistency guarantees do not automatically imply exclusion of a revoked ancestor. Coordination avoidance~\cite{coordavoid}, Indigo~\cite{indigo}, and Quelea~\cite{quelea} connect invariants to coordination requirements, whereas our invariant is tied to a particular authorization algebra and observation boundary."
main,cops,"\subsection{Consistency, time, and recovery}
Disconnected operation in Coda~\cite{coda}, conflict management in Bayou~\cite{bayouconflicts}, and highly available storage in Dynamo~\cite{dynamo} explain why delayed information must be an explicit assumption. COPS~\cite{cops} and Eiger~\cite{eiger} address causal semantics; hybrid clocks~\cite{hlc} and GentleRain~\cite{gentlerain} expose different uses of physical time. Their consistency guarantees do not automatically imply exclusion of a revoked ancestor. Coordination avoidance~\cite{coordavoid}, Indigo~\cite{indigo}, and Quelea~\cite{quelea} connect invariants to coordination requirements, whereas our invariant is tied to a particular authorization algebra and observation boundary."
main,eiger,"\subsection{Consistency, time, and recovery}
Disconnected operation in Coda~\cite{coda}, conflict management in Bayou~\cite{bayouconflicts}, and highly available storage in Dynamo~\cite{dynamo} explain why delayed information must be an explicit assumption. COPS~\cite{cops} and Eiger~\cite{eiger} address causal semantics; hybrid clocks~\cite{hlc} and GentleRain~\cite{gentlerain} expose different uses of physical time. Their consistency guarantees do not automatically imply exclusion of a revoked ancestor. Coordination avoidance~\cite{coordavoid}, Indigo~\cite{indigo}, and Quelea~\cite{quelea} connect invariants to coordination requirements, whereas our invariant is tied to a particular authorization algebra and observation boundary."
main,hlc,"\subsection{Consistency, time, and recovery}
Disconnected operation in Coda~\cite{coda}, conflict management in Bayou~\cite{bayouconflicts}, and highly available storage in Dynamo~\cite{dynamo} explain why delayed information must be an explicit assumption. COPS~\cite{cops} and Eiger~\cite{eiger} address causal semantics; hybrid clocks~\cite{hlc} and GentleRain~\cite{gentlerain} expose different uses of physical time. Their consistency guarantees do not automatically imply exclusion of a revoked ancestor. Coordination avoidance~\cite{coordavoid}, Indigo~\cite{indigo}, and Quelea~\cite{quelea} connect invariants to coordination requirements, whereas our invariant is tied to a particular authorization algebra and observation boundary."
main,gentlerain,"\subsection{Consistency, time, and recovery}
Disconnected operation in Coda~\cite{coda}, conflict management in Bayou~\cite{bayouconflicts}, and highly available storage in Dynamo~\cite{dynamo} explain why delayed information must be an explicit assumption. COPS~\cite{cops} and Eiger~\cite{eiger} address causal semantics; hybrid clocks~\cite{hlc} and GentleRain~\cite{gentlerain} expose different uses of physical time. Their consistency guarantees do not automatically imply exclusion of a revoked ancestor. Coordination avoidance~\cite{coordavoid}, Indigo~\cite{indigo}, and Quelea~\cite{quelea} connect invariants to coordination requirements, whereas our invariant is tied to a particular authorization algebra and observation boundary."
main,coordavoid,"\subsection{Consistency, time, and recovery}
Disconnected operation in Coda~\cite{coda}, conflict management in Bayou~\cite{bayouconflicts}, and highly available storage in Dynamo~\cite{dynamo} explain why delayed information must be an explicit assumption. COPS~\cite{cops} and Eiger~\cite{eiger} address causal semantics; hybrid clocks~\cite{hlc} and GentleRain~\cite{gentlerain} expose different uses of physical time. Their consistency guarantees do not automatically imply exclusion of a revoked ancestor. Coordination avoidance~\cite{coordavoid}, Indigo~\cite{indigo}, and Quelea~\cite{quelea} connect invariants to coordination requirements, whereas our invariant is tied to a particular authorization algebra and observation boundary."
main,indigo,"\subsection{Consistency, time, and recovery}
Disconnected operation in Coda~\cite{coda}, conflict management in Bayou~\cite{bayouconflicts}, and highly available storage in Dynamo~\cite{dynamo} explain why delayed information must be an explicit assumption. COPS~\cite{cops} and Eiger~\cite{eiger} address causal semantics; hybrid clocks~\cite{hlc} and GentleRain~\cite{gentlerain} expose different uses of physical time. Their consistency guarantees do not automatically imply exclusion of a revoked ancestor. Coordination avoidance~\cite{coordavoid}, Indigo~\cite{indigo}, and Quelea~\cite{quelea} connect invariants to coordination requirements, whereas our invariant is tied to a particular authorization algebra and observation boundary."
main,quelea,"\subsection{Consistency, time, and recovery}
Disconnected operation in Coda~\cite{coda}, conflict management in Bayou~\cite{bayouconflicts}, and highly available storage in Dynamo~\cite{dynamo} explain why delayed information must be an explicit assumption. COPS~\cite{cops} and Eiger~\cite{eiger} address causal semantics; hybrid clocks~\cite{hlc} and GentleRain~\cite{gentlerain} expose different uses of physical time. Their consistency guarantees do not automatically imply exclusion of a revoked ancestor. Coordination avoidance~\cite{coordavoid}, Indigo~\cite{indigo}, and Quelea~\cite{quelea} connect invariants to coordination requirements, whereas our invariant is tied to a particular authorization algebra and observation boundary."
main,aries,"The persistence design follows established recovery principles, including write-ahead transaction recovery~\cite{aries} and the distinction between durable state and acknowledged replies in deployed coordination systems~\cite{paxoslive,zookeeper}. The evidence join itself is elementary. The contribution is the explicit characterization, persistence obligations, and falsifiable correspondence for this bounded revocation contract; neither a familiar join nor a large test count alone establishes broad novelty."
main,paxoslive,"The persistence design follows established recovery principles, including write-ahead transaction recovery~\cite{aries} and the distinction between durable state and acknowledged replies in deployed coordination systems~\cite{paxoslive,zookeeper}. The evidence join itself is elementary. The contribution is the explicit characterization, persistence obligations, and falsifiable correspondence for this bounded revocation contract; neither a familiar join nor a large test count alone establishes broad novelty."
main,zookeeper,"The persistence design follows established recovery principles, including write-ahead transaction recovery~\cite{aries} and the distinction between durable state and acknowledged replies in deployed coordination systems~\cite{paxoslive,zookeeper}. The evidence join itself is elementary. The contribution is the explicit characterization, persistence obligations, and falsifiable correspondence for this bounded revocation contract; neither a familiar join nor a large test count alone establishes broad novelty."
supplement,levy1984,"\section{Additional Literature Context}
The main article compares the closest offline-delegation, lease, revocation, and recovery mechanisms. The following records complete the contextual map without expanding the claimed result. Levy's capability account~\cite{levy1984} and the analysis of common capability misconceptions~\cite{capabilitymyths} distinguish explicit authority from ambient identity. Weeks' trust-management treatment~\cite{weeks2001} and Cassandra's policy language~\cite{cassandra} motivate separating credential evaluation from other authorization obligations. Akenti~\cite{akenti} and the Community Authorization Service~\cite{cas} place certificate-based authorization in distributed environments. AFS~\cite{afs} provides historical context for client-side caching and later disconnected-operation systems. None of these contextual citations supplies the journal's specific observation-relative theorem."
supplement,capabilitymyths,"\section{Additional Literature Context}
The main article compares the closest offline-delegation, lease, revocation, and recovery mechanisms. The following records complete the contextual map without expanding the claimed result. Levy's capability account~\cite{levy1984} and the analysis of common capability misconceptions~\cite{capabilitymyths} distinguish explicit authority from ambient identity. Weeks' trust-management treatment~\cite{weeks2001} and Cassandra's policy language~\cite{cassandra} motivate separating credential evaluation from other authorization obligations. Akenti~\cite{akenti} and the Community Authorization Service~\cite{cas} place certificate-based authorization in distributed environments. AFS~\cite{afs} provides historical context for client-side caching and later disconnected-operation systems. None of these contextual citations supplies the journal's specific observation-relative theorem."
supplement,weeks2001,"\section{Additional Literature Context}
The main article compares the closest offline-delegation, lease, revocation, and recovery mechanisms. The following records complete the contextual map without expanding the claimed result. Levy's capability account~\cite{levy1984} and the analysis of common capability misconceptions~\cite{capabilitymyths} distinguish explicit authority from ambient identity. Weeks' trust-management treatment~\cite{weeks2001} and Cassandra's policy language~\cite{cassandra} motivate separating credential evaluation from other authorization obligations. Akenti~\cite{akenti} and the Community Authorization Service~\cite{cas} place certificate-based authorization in distributed environments. AFS~\cite{afs} provides historical context for client-side caching and later disconnected-operation systems. None of these contextual citations supplies the journal's specific observation-relative theorem."
supplement,cassandra,"\section{Additional Literature Context}
The main article compares the closest offline-delegation, lease, revocation, and recovery mechanisms. The following records complete the contextual map without expanding the claimed result. Levy's capability account~\cite{levy1984} and the analysis of common capability misconceptions~\cite{capabilitymyths} distinguish explicit authority from ambient identity. Weeks' trust-management treatment~\cite{weeks2001} and Cassandra's policy language~\cite{cassandra} motivate separating credential evaluation from other authorization obligations. Akenti~\cite{akenti} and the Community Authorization Service~\cite{cas} place certificate-based authorization in distributed environments. AFS~\cite{afs} provides historical context for client-side caching and later disconnected-operation systems. None of these contextual citations supplies the journal's specific observation-relative theorem."
supplement,akenti,"\section{Additional Literature Context}
The main article compares the closest offline-delegation, lease, revocation, and recovery mechanisms. The following records complete the contextual map without expanding the claimed result. Levy's capability account~\cite{levy1984} and the analysis of common capability misconceptions~\cite{capabilitymyths} distinguish explicit authority from ambient identity. Weeks' trust-management treatment~\cite{weeks2001} and Cassandra's policy language~\cite{cassandra} motivate separating credential evaluation from other authorization obligations. Akenti~\cite{akenti} and the Community Authorization Service~\cite{cas} place certificate-based authorization in distributed environments. AFS~\cite{afs} provides historical context for client-side caching and later disconnected-operation systems. None of these contextual citations supplies the journal's specific observation-relative theorem."
supplement,cas,"\section{Additional Literature Context}
The main article compares the closest offline-delegation, lease, revocation, and recovery mechanisms. The following records complete the contextual map without expanding the claimed result. Levy's capability account~\cite{levy1984} and the analysis of common capability misconceptions~\cite{capabilitymyths} distinguish explicit authority from ambient identity. Weeks' trust-management treatment~\cite{weeks2001} and Cassandra's policy language~\cite{cassandra} motivate separating credential evaluation from other authorization obligations. Akenti~\cite{akenti} and the Community Authorization Service~\cite{cas} place certificate-based authorization in distributed environments. AFS~\cite{afs} provides historical context for client-side caching and later disconnected-operation systems. None of these contextual citations supplies the journal's specific observation-relative theorem."
supplement,afs,"\section{Additional Literature Context}
The main article compares the closest offline-delegation, lease, revocation, and recovery mechanisms. The following records complete the contextual map without expanding the claimed result. Levy's capability account~\cite{levy1984} and the analysis of common capability misconceptions~\cite{capabilitymyths} distinguish explicit authority from ambient identity. Weeks' trust-management treatment~\cite{weeks2001} and Cassandra's policy language~\cite{cassandra} motivate separating credential evaluation from other authorization obligations. Akenti~\cite{akenti} and the Community Authorization Service~\cite{cas} place certificate-based authorization in distributed environments. AFS~\cite{afs} provides historical context for client-side caching and later disconnected-operation systems. None of these contextual citations supplies the journal's specific observation-relative theorem."
