claim,evidence_kind,argument,executable_sources,result_files,scope
ancestry,argument and finite correspondence,proofs.md; paper Lemma 1,capability.py; verifier.py,results/finite.json; results/differential-audit.json,"Single-parent complete valid lineage; arbitrary finite proof, bounded implementation"
gateway-exclusion,argument and process-fault checks,proofs.md; paper Lemma 2,capability.py; crashes.py,results/crashes.json,Receipt follows durable exclusion; no snapshot rollback or power-loss claim
gateway-barrier,finite product,proofs.md,finite.py,results/finite.json,"27,648 current-poll cases; nondegenerate deadlines exceed epsilon"
authorization-correspondence,finite and generated differential checks,proofs.md,finite.py; tests/differential_audit.py; tests/closure_descendants.py,results/finite.json; results/differential-audit.json; results/closure-descendants.json,"29,875 decisions; not unbounded mechanized verification or independent human review"
hidden-descendants,quantified proof plus directed checks,paper Theorem 3; collector-proofs.md,tests/closure_descendants.py; tests/collector_stateful.py,results/closure-descendants.json; results/collector-stateful.json,Proof covers future valid descendants; finite tests are not exhaustive descendant enumeration
journal-exactness,observation-relative characterization and independent finite oracle,collector-proofs.md; paper Theorem 4,collector.py; tests/collector_audit.py,results/collector-audit.json,"26,852 cases, 16,921 closed, 9,931 open; exact only for stipulated observation and feasible lineage"
accepting-witness,constructive argument and SQL execution,collector-proofs.md,tests/collector_audit.py,results/collector-audit.json,"All 9,931 finite open inequalities; 93 selected accepting SQL executions"
inert-deadlines,argument and finite boundary cases,collector-proofs.md; paper Lemma 1,collector.py; tests/collector_audit.py,results/collector-audit.json,d<=epsilon is permanently unusable under nonnegative clocks; not necessarily actually expired
monotone-completion,join/transaction argument and stateful checks,collector-proofs.md; paper Proposition 5,collector.py; tests/collector_stateful.py,results/collector-stateful.json,"37,890 post-closure checks reject; no status regression across 64 traces"
collector-crashes,actual owned child-process exits,collector-proofs.md,tests/collector_audit.py,results/collector-audit.json,Three fault points and three integrity checks; distinguish precommit loss and postcommit reply loss
stateful-recovery,generated SQL/interpreter correspondence,collector-proofs.md,tests/collector_stateful.py,results/collector-stateful.json; results/collector-stateful-trace.jsonl.gz,"51,200 decisions; 1,196 gateway and 1,135 collector database reopens are not process crashes"
receipt-binding,typed-input and configuration checks,collector-proofs.md,collector.py; tests/collector_audit.py; tests/boundaries.py,results/collector-audit.json; results/boundaries.json,Wrong domain/target/configuration rejects; public fixture keys are not production identity
floor-reclamation,argument and process/floor checks,proofs.md; paper Lemma 6,capability.py; crashes.py; tests/boundaries.py,results/crashes.json; results/boundaries.json,"Removing only the floor restores expired metadata, not valid use under sound clocks"
capacity-refusal,boundary and atomic failure checks,proofs.md,tests/boundaries.py,results/boundaries.json,"20,000 events; refusal returns no receipt; old live grant can remain usable"
metadata-bound,age-conditioned analytical bound plus directed executable boundary,proofs.md; paper Proposition 7,tests/recovery_compaction_window.py,results/recovery-compaction-window.json,"rho(L+A+2epsilon)+B; Delta specialization only when last-compaction age A<=Delta; observed 10 retained before recovery compaction, 10 expired rejections, then zero retained"
network-histories,generated replay and verification,proofs.md,histories.py; verify_history.py,results/history-summary.csv; results/history-*-trace.jsonl.gz,"Eight histories, 3,160 post-closure target checks; one host and one server process"
policy-tradeoff,fixed-fixture policy emulations,paper Equation 9,policies.py,results/policy-summary.csv,Logical time and selected deadline policy; not ports of other systems or measured WAN latency
lookup-cost,retained primary measurements,paper Figure 4,benchmark.py; summarize.py,results/scale-summary.csv; results/scale-*.csv,"48 runs, three per grid point; observed ranges, not confidence intervals or throughput"
lookup-batching,matched local lookup measurements and exact response comparison,paper lookup-cost discussion,capability.py; lookup_batch.py,results/lookup-batch/measurement.json; results/lookup-batch/correctness.json,"36 in-memory SQLite cases with 11 alternating pairs; 4104 matched responses and 432 interpreter matches; excludes RPC and durability; slower cases retained"
source-closure,mechanical byte/input/semantic checks,README.md,reproduce.py; reproduce_core.py; tests/reproduction_guard.py,results/reproduction/reproduction.json,"71 commands; 69 semantic comparisons and 59 structured inputs are retained in coordinator output, not an acceptance prediction"
