key,record,revision_reading_boundary,comparison_policy
wave,https://www.usenix.org/conference/usenixsecurity19/presentation/andersen,Official publication record and abstract checked for decentralized transitive delegation.,Do not infer absence of a mechanism from abstract-only inspection; no comparative implementation benchmark is claimed.
vouchsafe,https://arxiv.org/abs/2601.02254,"Official arXiv record and abstract checked; explicitly a preprint, not a peer-reviewed publication.",Do not infer absence of a mechanism from abstract-only inspection; no comparative implementation benchmark is claimed.
evoke,https://www.usenix.org/conference/usenixsecurity24/presentation/mazzocca,"Official publication record and abstract checked; constrained, mass and offline revocation scope.",Do not infer absence of a mechanism from abstract-only inspection; no comparative implementation benchmark is claimed.
pasture,https://www.usenix.org/conference/osdi12/technical-sessions/presentation/kotla,Official publication record and abstract checked; different trusted-hardware boundary.,Do not infer absence of a mechanism from abstract-only inspection; no comparative implementation benchmark is claimed.
leases,https://sigops.org/s/archives/homepage/2017/award-hof.html,Publisher society historical record checked; conference container and DOI repaired. DOI title/page association also cross-checked in bibliographic index; not full-text rereading.,Do not infer absence of a mechanism from abstract-only inspection; no comparative implementation benchmark is claimed.
chubby,https://www.usenix.org/legacy/event/osdi06/tech/full_papers/burrows/burrows_html/,Official full-text HTML: session lease and invalidation/recovery passages checked; not a new operational replication.,Do not infer absence of a mechanism from abstract-only inspection; no comparative implementation benchmark is claimed.
offlinedelegation,https://www.usenix.org/conference/8th-usenix-security-symposium/presentation/offline-delegation,Official publication record and abstract; relevant offline-transfer scope checked.,Do not infer absence of a mechanism from abstract-only inspection; no comparative implementation benchmark is claimed.
maat,https://www.crss.us/pub/leung-sc07.html,"Author laboratory publication record and abstract: extended capabilities, automatic revocation, secure delegation.",Do not infer absence of a mechanism from abstract-only inspection; no comparative implementation benchmark is claimed.
transformcap,https://www.sciencedirect.com/science/article/pii/016740489390118O,"Publisher abstract, title, year, volume, pages and DOI checked.",Do not infer absence of a mechanism from abstract-only inspection; no comparative implementation benchmark is claimed.
