key,title,year,entry_type,doi,main_citation_occurrences,supplement_citation_occurrences,record_url,revision_check_level,revision_notes
dennis1966,Programming Semantics for Multiprogrammed Computations,1966,article,10.1145/365230.365252,1,0,,inherited_locator_metadata_not_freshly_verified,"Parsed fields and citation closure checked. Inherited locator is provenance, not a new online verification or full-text semantic audit."
lampson1974,Protection,1974,article,10.1145/775265.775268,1,0,,inherited_locator_metadata_not_freshly_verified,"Parsed fields and citation closure checked. Inherited locator is provenance, not a new online verification or full-text semantic audit."
saltzer1975,The Protection of Information in Computer Systems,1975,article,10.1109/PROC.1975.9939,1,0,,inherited_locator_metadata_not_freshly_verified,"Parsed fields and citation closure checked. Inherited locator is provenance, not a new online verification or full-text semantic audit."
hardy1988,The Confused Deputy (or Why Capabilities Might Have Been Invented),1988,article,10.1145/54289.871709,1,0,,inherited_locator_metadata_not_freshly_verified,"Parsed fields and citation closure checked. Inherited locator is provenance, not a new online verification or full-text semantic audit."
levy1984,Capability-Based Computer Systems,1984,book,,0,1,,inherited_locator_metadata_not_freshly_verified,"Parsed fields and citation closure checked. Inherited locator is provenance, not a new online verification or full-text semantic audit."
capabilitymyths,Capability Myths Demolished,2003,techreport,,0,1,,inherited_locator_metadata_not_freshly_verified,"Parsed fields and citation closure checked. Inherited locator is provenance, not a new online verification or full-text semantic audit."
eros,{EROS}: A Fast Capability System,1999,inproceedings,10.1145/319151.319163,1,0,,inherited_locator_metadata_not_freshly_verified,"Parsed fields and citation closure checked. Inherited locator is provenance, not a new online verification or full-text semantic audit."
sel4,{seL4}: Formal Verification of an {OS} Kernel,2009,inproceedings,10.1145/1629575.1629596,1,0,,inherited_locator_metadata_not_freshly_verified,"Parsed fields and citation closure checked. Inherited locator is provenance, not a new online verification or full-text semantic audit."
capsicum,Capsicum: Practical Capabilities for {UNIX},2010,inproceedings,,1,0,,inherited_locator_metadata_not_freshly_verified,"Parsed fields and citation closure checked. Inherited locator is provenance, not a new online verification or full-text semantic audit."
joee,{Joe-E}: A Security-Oriented Subset of {Java},2010,inproceedings,,1,0,,inherited_locator_metadata_not_freshly_verified,"Parsed fields and citation closure checked. Inherited locator is provenance, not a new online verification or full-text semantic audit."
authentication1992,Authentication in Distributed Systems: Theory and Practice,1992,article,10.1145/138873.138874,1,0,,inherited_locator_metadata_not_freshly_verified,"Parsed fields and citation closure checked. Inherited locator is provenance, not a new online verification or full-text semantic audit."
calculus1993,A Calculus for Access Control in Distributed Systems,1993,article,10.1145/155183.155225,1,0,,inherited_locator_metadata_not_freshly_verified,"Parsed fields and citation closure checked. Inherited locator is provenance, not a new online verification or full-text semantic audit."
blaze1996,Decentralized Trust Management,1996,inproceedings,10.1109/SECPRI.1996.502679,1,0,,inherited_locator_metadata_not_freshly_verified,"Parsed fields and citation closure checked. Inherited locator is provenance, not a new online verification or full-text semantic audit."
sd3,{SD3}: A Trust Management System with Certified Evaluation,2001,inproceedings,10.1109/SECPRI.2001.924291,1,0,,inherited_locator_metadata_not_freshly_verified,"Parsed fields and citation closure checked. Inherited locator is provenance, not a new online verification or full-text semantic audit."
weeks2001,Understanding Trust Management Systems,2001,inproceedings,10.1109/SECPRI.2001.924290,0,1,,inherited_locator_metadata_not_freshly_verified,"Parsed fields and citation closure checked. Inherited locator is provenance, not a new online verification or full-text semantic audit."
binder2002,"Binder, a Logic-Based Security Language",2002,inproceedings,10.1109/SECPRI.2002.1004365,1,0,,inherited_locator_metadata_not_freshly_verified,"Parsed fields and citation closure checked. Inherited locator is provenance, not a new online verification or full-text semantic audit."
rt2002,Design of a Role-Based Trust-Management Framework,2002,inproceedings,10.1109/SECPRI.2002.1004366,1,0,,inherited_locator_metadata_not_freshly_verified,"Parsed fields and citation closure checked. Inherited locator is provenance, not a new online verification or full-text semantic audit."
delegationlogic,Delegation Logic: A Logic-Based Approach to Distributed Authorization,2003,article,10.1145/605434.605438,1,0,,inherited_locator_metadata_not_freshly_verified,"Parsed fields and citation closure checked. Inherited locator is provenance, not a new online verification or full-text semantic audit."
cassandra,"Cassandra: Flexible Trust Management, Applied to Electronic Health Records",2004,inproceedings,,0,1,,inherited_locator_metadata_not_freshly_verified,"Parsed fields and citation closure checked. Inherited locator is provenance, not a new online verification or full-text semantic audit."
secpal,{SecPAL}: Design and Semantics of a Decentralized Authorization Language,2010,article,10.3233/JCS-2009-0364,1,0,,inherited_locator_metadata_not_freshly_verified,"Parsed fields and citation closure checked. Inherited locator is provenance, not a new online verification or full-text semantic audit."
akenti,Certificate-Based Authorization Policy in a {PKI} Environment,1999,inproceedings,,0,1,,inherited_locator_metadata_not_freshly_verified,"Parsed fields and citation closure checked. Inherited locator is provenance, not a new online verification or full-text semantic audit."
cas,A Community Authorization Service for Group Collaboration,2002,inproceedings,,0,1,,inherited_locator_metadata_not_freshly_verified,"Parsed fields and citation closure checked. Inherited locator is provenance, not a new online verification or full-text semantic audit."
spki,{SPKI} Certificate Theory,1999,techreport,10.17487/RFC2693,1,0,,inherited_locator_metadata_not_freshly_verified,"Parsed fields and citation closure checked. Inherited locator is provenance, not a new online verification or full-text semantic audit."
macaroons,Macaroons: Cookies with Contextual Caveats for Decentralized Authorization in the Cloud,2014,inproceedings,10.14722/ndss.2014.23212,1,0,,inherited_locator_metadata_not_freshly_verified,"Parsed fields and citation closure checked. Inherited locator is provenance, not a new online verification or full-text semantic audit."
wave,{WAVE}: A Decentralized Authorization Framework with Transitive Delegation,2019,inproceedings,,1,0,https://www.usenix.org/conference/usenixsecurity19/presentation/andersen,primary_record_or_relevant_passage_checked,Official publication record and abstract checked for decentralized transitive delegation.
fongrebac,Relationship-Based Access Control: Protection Model and Policy Language,2011,inproceedings,10.1145/1943513.1943539,1,0,,inherited_locator_metadata_not_freshly_verified,"Parsed fields and citation closure checked. Inherited locator is provenance, not a new online verification or full-text semantic audit."
brunsrebac,Relationship-Based Access Control: Its Expression and Enforcement through Hybrid Logic,2012,inproceedings,10.1145/2133601.2133616,1,0,,inherited_locator_metadata_not_freshly_verified,"Parsed fields and citation closure checked. Inherited locator is provenance, not a new online verification or full-text semantic audit."
zanzibar,"{Zanzibar}: Google's Consistent, Global Authorization System",2019,inproceedings,,1,0,,inherited_locator_metadata_not_freshly_verified,"Parsed fields and citation closure checked. Inherited locator is provenance, not a new online verification or full-text semantic audit."
cedar,"Cedar: A New Language for Expressive, Fast, Safe, and Analyzable Authorization",2024,article,10.1145/3649835,1,0,,inherited_locator_metadata_not_freshly_verified,"Parsed fields and citation closure checked. Inherited locator is provenance, not a new online verification or full-text semantic audit."
bartel,Automatically Securing Permission-Based Software by Reducing the Attack Surface: An Application to {Android},2012,inproceedings,10.1145/2351676.2351722,1,0,,inherited_locator_metadata_not_freshly_verified,"Parsed fields and citation closure checked. Inherited locator is provenance, not a new online verification or full-text semantic audit."
gusmeroli2013,A Capability-Based Security Approach to Manage Access Control in the Internet of Things,2013,article,10.1016/j.mcm.2013.02.006,1,0,,inherited_locator_metadata_not_freshly_verified,"Parsed fields and citation closure checked. Inherited locator is provenance, not a new online verification or full-text semantic audit."
dcapbac,Distributed Capability-Based Access Control for the Internet of Things,2013,article,10.22667/JISIS.2013.11.31.001,1,0,,inherited_locator_metadata_not_freshly_verified,"Parsed fields and citation closure checked. Inherited locator is provenance, not a new online verification or full-text semantic audit."
ladon,Ladon: End-to-End Authorization Support for Resource-Deprived Environments,2012,article,10.1049/iet-ifs.2010.0208,1,0,,inherited_locator_metadata_not_freshly_verified,"Parsed fields and citation closure checked. Inherited locator is provenance, not a new online verification or full-text semantic audit."
vouchsafe,Vouchsafe: A Zero-Infrastructure Capability Graph Model for Offline Identity and Trust,2026,misc,10.48550/arXiv.2601.02254,1,0,https://arxiv.org/abs/2601.02254,primary_record_or_relevant_passage_checked,"Official arXiv record and abstract checked; explicitly a preprint, not a peer-reviewed publication."
evoke,{EVOKE}: Efficient Revocation of Verifiable Credentials in {IoT} Networks,2024,inproceedings,,1,0,https://www.usenix.org/conference/usenixsecurity23/presentation/yu-yueqi,primary_record_or_relevant_passage_checked,"Official publication record and abstract checked; constrained, mass and offline revocation scope."
pasture,Pasture: Secure Offline Data Access Using Commodity Trusted Hardware,2012,inproceedings,,1,0,https://www.usenix.org/conference/osdi12/technical-sessions/presentation/kotla,primary_record_or_relevant_passage_checked,Official publication record and abstract checked; different trusted-hardware boundary.
kocher1998,On Certificate Revocation and Validation,1998,inproceedings,,1,0,,inherited_locator_metadata_not_freshly_verified,"Parsed fields and citation closure checked. Inherited locator is provenance, not a new online verification or full-text semantic audit."
novomodo,{NOVOMODO}: Scalable Certificate Validation and Simplified {PKI} Management,2002,inproceedings,,1,0,,inherited_locator_metadata_not_freshly_verified,"Parsed fields and citation closure checked. Inherited locator is provenance, not a new online verification or full-text semantic audit."
accumulators,Dynamic Accumulators and Application to Efficient Revocation of Anonymous Credentials,2002,inproceedings,10.1007/3-540-45708-9_5,1,0,,inherited_locator_metadata_not_freshly_verified,"Parsed fields and citation closure checked. Inherited locator is provenance, not a new online verification or full-text semantic audit."
stateless,Revocation and Tracing Schemes for Stateless Receivers,2001,inproceedings,10.1007/3-540-44647-8_3,1,0,,inherited_locator_metadata_not_freshly_verified,"Parsed fields and citation closure checked. Inherited locator is provenance, not a new online verification or full-text semantic audit."
revocableibe,Identity-Based Encryption with Efficient Revocation,2008,inproceedings,10.1145/1455770.1455823,1,0,,inherited_locator_metadata_not_freshly_verified,"Parsed fields and citation closure checked. Inherited locator is provenance, not a new online verification or full-text semantic audit."
plutus,Plutus: Scalable Secure File Sharing on Untrusted Storage,2003,inproceedings,,1,0,,inherited_locator_metadata_not_freshly_verified,"Parsed fields and citation closure checked. Inherited locator is provenance, not a new online verification or full-text semantic audit."
sirius,{SiRiUS}: Securing Remote Untrusted Storage,2003,inproceedings,,1,0,,inherited_locator_metadata_not_freshly_verified,"Parsed fields and citation closure checked. Inherited locator is provenance, not a new online verification or full-text semantic audit."
keyregression,Key Regression: Enabling Efficient Key Distribution for Secure Distributed Storage,2006,inproceedings,,1,0,,inherited_locator_metadata_not_freshly_verified,"Parsed fields and citation closure checked. Inherited locator is provenance, not a new online verification or full-text semantic audit."
cryptree,Cryptree: A Folder Tree Structure for Cryptographic File Systems,2006,inproceedings,10.1109/SRDS.2006.15,1,0,,inherited_locator_metadata_not_freshly_verified,"Parsed fields and citation closure checked. Inherited locator is provenance, not a new online verification or full-text semantic audit."
droplet,Droplet: Decentralized Authorization and Access Control for Encrypted Data Streams,2020,inproceedings,,1,0,,inherited_locator_metadata_not_freshly_verified,"Parsed fields and citation closure checked. Inherited locator is provenance, not a new online verification or full-text semantic audit."
leases,Leases: An Efficient Fault-Tolerant Mechanism for Distributed File Cache Consistency,1989,inproceedings,10.1145/74850.74870,1,0,https://sigops.org/s/archives/homepage/2017/award-hof.html,primary_record_or_relevant_passage_checked,Publisher society historical record checked; conference container and DOI repaired. DOI title/page association also cross-checked in bibliographic index; not full-text rereading.
afs,Scale and Performance in a Distributed File System,1988,article,10.1145/35037.35059,0,1,,inherited_locator_metadata_not_freshly_verified,"Parsed fields and citation closure checked. Inherited locator is provenance, not a new online verification or full-text semantic audit."
coda,Disconnected Operation in the {Coda} File System,1992,article,10.1145/146941.146942,1,0,,inherited_locator_metadata_not_freshly_verified,"Parsed fields and citation closure checked. Inherited locator is provenance, not a new online verification or full-text semantic audit."
epidemic,Epidemic Algorithms for Replicated Database Maintenance,1987,inproceedings,10.1145/41840.41841,1,0,,inherited_locator_metadata_not_freshly_verified,"Parsed fields and citation closure checked. Inherited locator is provenance, not a new online verification or full-text semantic audit."
bayouconflicts,"Managing Update Conflicts in {Bayou}, a Weakly Connected Replicated Storage System",1995,inproceedings,10.1145/224056.224070,1,0,,inherited_locator_metadata_not_freshly_verified,"Parsed fields and citation closure checked. Inherited locator is provenance, not a new online verification or full-text semantic audit."
bayoupropagation,Flexible Update Propagation for Weakly Consistent Replication,1997,inproceedings,10.1145/268998.266717,1,0,,inherited_locator_metadata_not_freshly_verified,"Parsed fields and citation closure checked. Inherited locator is provenance, not a new online verification or full-text semantic audit."
chubby,The {Chubby} Lock Service for Loosely-Coupled Distributed Systems,2006,inproceedings,,2,0,https://www.usenix.org/legacy/event/osdi06/tech/full_papers/burrows/burrows_html/,primary_record_or_relevant_passage_checked,Official full-text HTML: session lease and invalidation/recovery passages checked; not a new operational replication.
zookeeper,{ZooKeeper}: Wait-Free Coordination for Internet-Scale Systems,2010,inproceedings,,1,0,,inherited_locator_metadata_not_freshly_verified,"Parsed fields and citation closure checked. Inherited locator is provenance, not a new online verification or full-text semantic audit."
dynamo,Dynamo: Amazon's Highly Available Key-Value Store,2007,inproceedings,10.1145/1294261.1294281,1,0,,inherited_locator_metadata_not_freshly_verified,"Parsed fields and citation closure checked. Inherited locator is provenance, not a new online verification or full-text semantic audit."
paxoslive,Paxos Made Live: An Engineering Perspective,2007,inproceedings,10.1145/1281100.1281103,1,0,,inherited_locator_metadata_not_freshly_verified,"Parsed fields and citation closure checked. Inherited locator is provenance, not a new online verification or full-text semantic audit."
spanner,Spanner: Google's Globally Distributed Database,2012,inproceedings,,1,0,,inherited_locator_metadata_not_freshly_verified,"Parsed fields and citation closure checked. Inherited locator is provenance, not a new online verification or full-text semantic audit."
cops,Don't Settle for Eventual: Scalable Causal Consistency for Wide-Area Storage with {COPS},2011,inproceedings,10.1145/2043556.2043593,1,0,,inherited_locator_metadata_not_freshly_verified,"Parsed fields and citation closure checked. Inherited locator is provenance, not a new online verification or full-text semantic audit."
eiger,Stronger Semantics for Low-Latency Geo-Replicated Storage,2013,inproceedings,,1,0,,inherited_locator_metadata_not_freshly_verified,"Parsed fields and citation closure checked. Inherited locator is provenance, not a new online verification or full-text semantic audit."
hlc,Logical Physical Clocks and Consistent Snapshots in Globally Distributed Databases,2014,inproceedings,10.1007/978-3-319-14472-6_2,1,0,,inherited_locator_metadata_not_freshly_verified,"Parsed fields and citation closure checked. Inherited locator is provenance, not a new online verification or full-text semantic audit."
gentlerain,{GentleRain}: Cheap and Scalable Causal Consistency with Physical Clocks,2014,inproceedings,10.1145/2670979.2670983,1,0,,inherited_locator_metadata_not_freshly_verified,"Parsed fields and citation closure checked. Inherited locator is provenance, not a new online verification or full-text semantic audit."
coordavoid,Coordination Avoidance in Database Systems,2014,article,10.14778/2735508.2735509,1,0,,inherited_locator_metadata_not_freshly_verified,"Parsed fields and citation closure checked. Inherited locator is provenance, not a new online verification or full-text semantic audit."
indigo,Putting Consistency Back into Eventual Consistency,2015,inproceedings,10.1145/2741948.2741972,1,0,,inherited_locator_metadata_not_freshly_verified,"Parsed fields and citation closure checked. Inherited locator is provenance, not a new online verification or full-text semantic audit."
quelea,Declarative Programming over Eventually Consistent Data Stores,2015,inproceedings,10.1145/2737924.2737981,1,0,,inherited_locator_metadata_not_freshly_verified,"Parsed fields and citation closure checked. Inherited locator is provenance, not a new online verification or full-text semantic audit."
crdt,Conflict-Free Replicated Data Types,2011,inproceedings,10.1007/978-3-642-24550-3_29,1,0,,inherited_locator_metadata_not_freshly_verified,"Parsed fields and citation closure checked. Inherited locator is provenance, not a new online verification or full-text semantic audit."
aries,{ARIES}: A Transaction Recovery Method Supporting Fine-Granularity Locking and Partial Rollbacks Using Write-Ahead Logging,1992,article,10.1145/128765.128770,1,0,,inherited_locator_metadata_not_freshly_verified,"Parsed fields and citation closure checked. Inherited locator is provenance, not a new online verification or full-text semantic audit."
offlinedelegation,Offline Delegation,1999,inproceedings,,2,0,https://www.usenix.org/conference/8th-usenix-security-symposium/presentation/offline-delegation,primary_record_or_relevant_passage_checked,Official publication record and abstract; relevant offline-transfer scope checked.
maat,Scalable Security for Petascale Parallel File Systems,2007,inproceedings,10.1145/1362622.1362644,2,0,https://www.crss.us/pub/leung-sc07.html,primary_record_or_relevant_passage_checked,"Author laboratory publication record and abstract: extended capabilities, automatic revocation, secure delegation."
transformcap,A Distributed Capability-Based Architecture for the Transform Model,1993,article,10.1016/0167-4048(93)90118-O,1,0,https://www.sciencedirect.com/science/article/pii/016740489390118O,primary_record_or_relevant_passage_checked,"Publisher abstract, title, year, volume, pages and DOI checked."
