records,depth,runs,rpc_median_us,rpc_median_us_min,rpc_median_us_max,service_median_us,service_median_us_min,service_median_us_max,verifier_median_us,verifier_median_us_min,verifier_median_us_max,rpc_p95_us,rpc_p95_us_min,rpc_p95_us_max,logical_json_bytes,allocated_sqlite_bytes
100,1,3,221.591,189.543,249.725,38.098,33.967,40.436,7.129,6.699,7.141,464.826,361.601,953.852,29689,160496
100,4,3,294.445,257.354,351.132,77.404,73.224,85.39,19.772,19.732,20.023,764.295,423.332,1316.428,29872,160496
100,16,3,514.537,481.081,525.983,217.412,215.235,229.273,66.571,63.853,69.69,1255.257,1019.276,2475.59,30604,164616
100,64,3,1110.759,1110.165,1129.381,776.646,772.923,799.954,259.962,258.713,264.14,2005.539,1508.444,2088.696,33532,164616
1000,1,3,367.967,234.987,378.724,53.485,39.833,55.312,15.828,7.133,15.94,570.268,464.479,629.637,297889,1054536
1000,4,3,459.15,288.378,502.876,96.495,77.003,104.21,38.014,20.527,38.785,717.531,530.031,1199.148,298072,1054536
1000,16,3,697.192,486.457,754.43,248.196,221.492,248.48,87.826,67.896,98.506,2978.788,1001.594,3208.702,298804,1050416
1000,64,3,1245.399,1198.129,1264.91,846.032,843.889,852.186,269.021,265.606,275.921,2438.804,1972.167,3509.382,301732,1071016
5000,1,3,230.424,223.951,238.144,38.465,38.346,38.559,7.379,6.815,7.581,620.889,425.757,665.75,1493889,7358584
5000,4,3,281.63,271.277,297.977,75.882,75.38,77.686,20.15,19.487,20.284,497.969,428.371,765.576,1494072,7395592
5000,16,3,452.835,432.597,473.837,228.584,218.924,229.187,65.986,63.381,68.333,720.294,615.585,746.286,1494804,7407880
5000,64,3,1339.906,1315.209,1361.45,874.223,866.819,896.627,281.078,279.502,281.613,1790.541,1746.406,2061.505,1497732,7403712
10000,1,3,389.793,292.497,397.085,56.594,43.374,58.982,15.88,10.131,16.685,569.278,455.488,595.525,2988889,11451240
10000,4,3,453.139,450.637,464.682,100.707,98.102,100.96,39.206,38.766,39.32,687.232,662.716,797.105,2989072,11480248
10000,16,3,660.134,641.412,665.054,256.411,251.772,258.047,106.676,105.194,108.605,928.226,834.581,1046.315,2989804,11484392
10000,64,3,1368.756,1364.52,1375.947,896.834,894.723,904.396,286.897,286.611,288.942,1691.352,1661.841,1961.576,2992732,11449368
