query,rpc_ns,service_ns,verifier_ns
0,1153695,878262,248448
1,1008335,737429,470579
2,1058236,722646,255714
3,1038078,760212,311127
4,1025852,735871,282422
5,1204438,723507,332723
6,1110165,809720,251096
7,1128269,777396,251829
8,1114866,759194,249283
9,1000670,739775,247754
10,1092752,790790,246702
11,1052174,757327,346589
12,1379805,1079452,343818
13,1163094,856250,255281
14,1056438,719137,290704
15,1088135,805308,252347
16,1071753,798577,342103
17,998711,716322,251375
18,984367,736269,248854
19,1110832,833771,249685
20,1177828,857270,241918
21,1018597,751950,252224
22,1201863,880450,303744
23,1173659,766538,266548
24,1087651,741315,326204
25,1102308,761512,255000
26,1028069,752332,249780
27,1126286,781893,304064
28,1510733,1169623,263844
29,1150801,752412,270207
30,1129508,829786,265273
31,1050907,742057,272056
32,1176922,781303,274391
33,1880741,785263,279701
34,1160836,750653,331921
35,1737030,1208808,266912
36,1143665,805179,281871
37,1228134,754251,273223
38,1116622,769881,266215
39,1071139,750725,284859
40,1090077,818355,251953
41,1054451,754628,262811
42,1190128,831527,281179
43,1508444,1215212,281543
44,1703265,1316912,268861
45,1350571,1038385,265792
46,1328018,951382,261039
47,1153589,845064,259080
48,1131792,730439,280400
49,1288208,776646,273797
50,1701950,833190,268849
51,1072142,723309,468533
52,1344313,905766,330038
53,1216034,769066,266660
54,1037288,743220,763557
55,1131744,813337,322218
56,1339972,1015473,1097653
57,1230492,843779,575412
58,1176791,721507,235269
59,971348,680187,254352
60,1847940,741390,293390
61,1512034,785564,302901
62,1132833,755684,254991
63,1049400,767593,327278
64,1047884,764223,310316
65,1116989,795172,262263
66,1232115,876285,297752
67,1156528,836834,258532
68,1048710,754740,252462
69,1020176,717458,345074
70,1106467,826655,255838
71,1035678,746704,254951
72,1019128,715244,349511
73,1213710,907347,258149
74,1190546,913225,264439
75,1213901,777164,247842
76,1128794,765962,380387
77,1136695,764993,263688
78,1050288,747841,317505
79,1037611,760702,310046
80,1052568,754145,266094
81,1065664,736802,291364
82,1128166,749446,257644
83,1000706,739461,298090
84,1157620,794336,257292
85,1053133,755614,257857
86,1077383,735888,287758
87,1117614,840832,264140
88,1034479,753488,254660
89,1182951,744488,401881
90,1216886,846741,341726
91,1083998,719351,254104
92,1041805,748791,261165
93,1028703,757870,235883
94,958256,676651,271364
95,1039787,749967,255125
96,1197910,851509,242652
97,1023485,729829,263422
98,1021829,754455,245956
99,1091844,814847,250976
100,1015211,725036,274833
101,1045305,744882,262552
102,1321113,988651,264016
103,1216584,846676,248121
104,988317,714217,223175
105,1126626,721545,262921
106,1227550,869028,263940
107,1045430,753215,329861
108,1025846,742340,245487
109,1051912,763447,276744
110,1274172,955173,255046
111,1228824,938501,247107
112,1082931,789590,266190
113,1131441,822373,254284
114,1149594,843194,257000
115,1195853,861901,257216
116,1338008,790172,271375
117,1237752,944811,260728
118,1161944,879030,544766
119,1110271,781096,277553
120,1050387,761802,297713
121,1110741,821261,257824
122,1049936,752239,251254
123,1016634,735607,270209
124,1050459,793263,230220
125,932084,694428,241174
126,955466,709602,235747
127,983401,725126,269456
128,915634,659442,280854
129,1192787,817960,260478
130,1080043,799551,297129
131,1092110,812029,255134
132,1093285,821649,274511
133,1208797,801911,279670
134,1107591,807951,272626
135,1056539,787097,280893
136,1132247,869052,268471
137,1076606,796893,263607
138,1053044,761116,282692
139,1117093,829014,265549
140,950014,695176,234198
141,980367,706495,273814
142,1318647,753697,264358
143,1136434,850595,293802
144,1124846,816766,266840
145,1160761,878973,265046
146,1140180,836763,263218
147,1032292,775305,267940
148,1120115,811813,285623
149,1079395,795284,265909
150,1023154,764671,268134
151,1075755,777131,269253
152,1090008,771942,259090
153,1066143,784422,256804
154,1114527,747222,274122
155,1135816,761138,264243
156,1283613,954205,289172
157,1024312,749267,250599
158,1122590,863439,246038
159,1170644,827213,252921
160,1100881,760884,250360
161,998456,747999,247834
162,1150677,824821,216494
163,1010982,769364,228521
164,963050,715483,232596
165,1040539,802145,265541
166,1066084,785195,241533
167,1040085,773731,251911
168,1128073,850596,261299
169,1045238,769580,254231
170,1008643,750682,253483
171,983513,739667,268768
172,995820,719044,265336
173,981841,740186,255047
174,999151,752588,243490
175,1099628,765805,270743
176,1124040,855086,247131
177,1180079,911165,269395
178,1289170,841741,261648
179,1112010,839749,254180
180,1253393,914250,255011
181,1178735,889067,400510
182,1062665,740344,263079
183,1087902,816918,251840
184,1010726,743818,268152
185,1186872,902946,254413
186,1430428,1118009,298182
187,1540310,1015600,285494
188,1423808,1051857,257226
189,1258674,924084,268641
190,1037067,752118,245710
191,1098442,819686,269366
192,1138247,817046,256252
193,1116046,741842,251139
194,1040772,691380,245568
195,937166,665815,229661
196,926259,684139,226474
197,2441571,2163307,278570
198,2162338,1072855,247130
199,1182323,863212,275268
